subscription_id,user_id,plan_type,start_date,end_date,status
1,1,Premium,2026-07-06,2026-11-06,Expired
2,6,Premium,2026-05-03,2026-10-08,Expired
3,15,Premium,2026-04-24,2026-09-05,Expired
4,18,Premium,2026-05-13,2026-06-18,Cancelled
5,19,Premium,2026-08-08,,Active
6,24,Premium,2026-01-03,,Active
7,26,Premium,2025-12-29,2026-03-27,Expired
8,29,Premium,2026-09-18,2026-12-29,Expired
9,33,Premium,2026-04-23,2026-06-01,Cancelled
10,34,Premium,2026-10-04,,Active
11,57,Premium,2025-12-02,,Active
12,66,Premium,2026-08-10,2026-11-28,Expired
13,70,Premium,2026-01-13,,Active
14,71,Premium,2025-12-24,,Active
15,74,Premium,2026-01-12,,Active
16,75,Premium,2026-07-08,2026-08-21,Expired
17,76,Premium,2026-03-04,2026-07-19,Expired
18,77,Premium,2026-09-24,2026-11-11,Expired
19,80,Premium,2025-12-30,2026-04-20,Expired
20,82,Premium,2026-02-02,2026-03-08,Cancelled
21,83,Premium,2026-04-01,,Active
22,87,Premium,2026-08-10,,Active
23,93,Premium,2026-06-19,,Active
24,94,Premium,2026-04-01,2026-08-14,Cancelled
25,103,Premium,2026-06-06,,Active
26,113,Premium,2026-04-29,2026-10-10,Cancelled
27,117,Premium,2026-01-09,,Active
28,118,Premium,2026-04-18,,Active
29,119,Premium,2026-03-26,,Active
30,121,Premium,2026-06-03,,Active
31,137,Premium,2025-10-01,2025-12-14,Expired
32,139,Premium,2026-07-14,2026-09-28,Cancelled
33,140,Premium,2026-01-01,2026-06-27,Cancelled
34,155,Premium,2025-12-31,2026-01-30,Expired
35,163,Premium,2025-12-22,2026-02-05,Cancelled
36,172,Premium,2026-05-24,,Active
37,173,Premium,2026-02-05,2026-04-27,Expired
38,180,Premium,2026-04-28,2026-06-19,Cancelled
39,184,Premium,2025-10-25,,Active
40,186,Premium,2025-12-21,2026-02-13,Expired
41,190,Premium,2026-03-31,2026-05-04,Expired
42,195,Premium,2026-02-08,2026-03-22,Expired
43,205,Premium,2026-02-01,2026-04-04,Cancelled
44,207,Premium,2026-03-27,,Active
45,214,Premium,2026-04-04,2026-09-24,Cancelled
46,217,Premium,2026-04-17,,Active
47,220,Premium,2026-03-06,2026-08-14,Cancelled
48,231,Premium,2025-09-02,,Active
49,240,Premium,2026-07-02,,Active
50,255,Premium,2026-09-17,,Active
51,260,Premium,2026-09-22,,Active
52,270,Premium,2025-09-19,2025-12-14,Expired
53,273,Premium,2026-06-13,,Active
54,274,Premium,2026-10-16,,Active
55,305,Premium,2025-10-14,2025-12-18,Expired
56,310,Premium,2026-06-13,,Active
57,319,Premium,2025-12-12,2026-01-27,Expired
58,323,Premium,2026-06-10,2026-10-25,Expired
59,326,Premium,2026-06-27,,Active
60,328,Premium,2026-08-27,2026-11-03,Expired
61,331,Premium,2026-09-02,,Active
62,337,Premium,2026-02-14,,Active
63,346,Premium,2026-07-11,2026-12-08,Cancelled
64,349,Premium,2026-05-31,,Active
65,353,Premium,2026-10-19,,Active
66,356,Premium,2025-11-09,,Active
67,359,Premium,2026-01-03,,Active
68,366,Premium,2026-03-19,2026-06-21,Expired
69,367,Premium,2025-11-22,2026-03-22,Expired
70,368,Premium,2026-08-01,2026-09-17,Cancelled
71,373,Premium,2026-06-15,,Active
72,384,Premium,2026-04-09,,Active
73,390,Premium,2026-07-22,,Active
74,394,Premium,2026-03-13,,Active
75,397,Premium,2026-01-24,2026-07-19,Cancelled
76,408,Premium,2026-03-07,,Active
77,427,Premium,2026-06-19,2026-09-08,Expired
78,429,Premium,2026-07-10,2026-11-09,Cancelled
79,438,Premium,2026-08-01,,Active
80,444,Premium,2026-07-28,2026-09-06,Cancelled
81,448,Premium,2026-04-04,,Active
82,457,Premium,2026-08-08,,Active
83,461,Premium,2025-11-07,,Active
84,462,Premium,2025-11-24,,Active
85,463,Premium,2025-11-10,,Active
86,478,Premium,2026-04-27,,Active
87,484,Premium,2026-05-16,,Active
88,505,Premium,2025-11-09,,Active
89,508,Premium,2026-03-17,,Active
90,516,Premium,2026-07-09,2026-08-27,Cancelled
91,517,Premium,2026-01-04,,Active
92,541,Premium,2026-08-22,2026-12-26,Expired
93,553,Premium,2025-09-13,2025-11-06,Expired
94,559,Premium,2026-07-26,2026-08-30,Expired
95,561,Premium,2026-04-18,2026-07-26,Expired
96,562,Premium,2025-12-27,,Active
97,566,Premium,2026-07-10,,Active
98,572,Premium,2026-02-09,,Active
99,584,Premium,2025-10-28,2026-03-21,Cancelled
100,593,Premium,2025-11-23,2026-01-18,Expired
101,594,Premium,2026-07-13,,Active
102,596,Premium,2026-07-16,,Active
103,604,Premium,2026-08-27,2026-11-20,Expired
104,611,Premium,2026-07-31,,Active
105,612,Premium,2026-03-09,,Active
106,613,Premium,2026-04-23,2026-10-11,Cancelled
107,615,Premium,2026-03-20,,Active
108,619,Premium,2026-05-31,2026-07-12,Expired
109,626,Premium,2026-07-15,,Active
110,627,Premium,2025-10-31,2026-02-15,Cancelled
111,643,Premium,2026-07-04,,Active
112,650,Premium,2026-03-15,,Active
113,654,Premium,2026-04-10,2026-09-13,Expired
114,667,Premium,2026-07-02,,Active
115,668,Premium,2025-12-14,,Active
116,672,Premium,2026-07-22,,Active
117,690,Premium,2026-06-14,,Active
118,695,Premium,2026-07-13,2026-08-20,Expired
119,696,Premium,2026-05-05,,Active
120,716,Premium,2025-09-01,,Active
121,718,Premium,2026-01-11,,Active
122,726,Premium,2026-09-27,2026-11-11,Cancelled
123,730,Premium,2026-06-30,,Active
124,733,Premium,2026-07-04,,Active
125,734,Premium,2026-01-07,,Active
126,738,Premium,2025-10-07,2025-11-22,Expired
127,747,Premium,2026-08-19,,Active
128,750,Premium,2026-02-01,2026-06-16,Cancelled
129,752,Premium,2026-08-07,,Active
130,754,Premium,2026-02-06,,Active
131,757,Premium,2026-06-08,,Active
132,773,Premium,2025-12-22,2026-02-19,Cancelled
133,774,Premium,2026-05-09,,Active
134,776,Premium,2025-09-22,2026-01-10,Expired
135,780,Premium,2025-09-29,2026-01-03,Expired
136,781,Premium,2026-09-21,,Active
137,791,Premium,2026-09-17,2027-01-17,Cancelled
138,793,Premium,2026-08-13,2026-11-17,Cancelled
139,795,Premium,2026-02-13,,Active
140,803,Premium,2026-05-03,,Active
141,806,Premium,2025-10-07,,Active
142,808,Premium,2025-12-13,2026-05-18,Cancelled
143,831,Premium,2026-09-14,2027-01-02,Cancelled
144,833,Premium,2026-04-04,2026-05-05,Cancelled
145,834,Premium,2026-04-20,,Active
146,839,Premium,2026-02-26,2026-05-13,Cancelled
147,849,Premium,2026-07-10,,Active
148,854,Premium,2026-04-05,,Active
149,891,Premium,2026-05-27,2026-09-14,Cancelled
150,896,Premium,2026-03-05,,Active
151,904,Premium,2026-07-17,2026-09-20,Expired
152,911,Premium,2026-05-05,2026-10-25,Cancelled
153,914,Premium,2026-09-06,2027-02-20,Expired
154,919,Premium,2026-06-22,2026-11-27,Cancelled
155,924,Premium,2026-07-14,,Active
156,928,Premium,2026-04-20,2026-08-20,Cancelled
157,938,Premium,2026-09-26,2027-03-16,Expired
158,942,Premium,2026-02-01,,Active
159,943,Premium,2026-06-19,2026-08-09,Cancelled
160,949,Premium,2026-09-12,2026-12-26,Expired
161,953,Premium,2026-08-29,2026-10-18,Cancelled
162,957,Premium,2025-11-28,,Active
163,959,Premium,2026-02-18,2026-05-22,Expired
164,970,Premium,2026-10-05,,Active
165,972,Premium,2025-09-23,2025-11-20,Expired
166,977,Premium,2025-12-23,,Active
167,981,Premium,2025-10-13,2026-03-31,Cancelled
168,984,Premium,2026-03-27,,Active
169,987,Premium,2026-10-07,2027-01-09,Expired
170,991,Premium,2026-02-16,,Active
171,996,Premium,2025-11-03,,Active
172,1001,Premium,2025-12-11,,Active
173,1006,Premium,2026-02-09,,Active
174,1017,Premium,2025-09-28,2026-02-09,Expired
175,1031,Premium,2026-02-16,,Active
176,1041,Premium,2026-04-30,,Active
177,1042,Premium,2026-04-15,,Active
178,1046,Premium,2026-04-21,,Active
179,1049,Premium,2026-11-04,2027-03-30,Cancelled
180,1056,Premium,2025-11-19,2026-05-04,Expired
181,1060,Premium,2026-02-05,,Active
182,1073,Premium,2026-05-09,2026-11-03,Cancelled
183,1078,Premium,2026-05-22,,Active
184,1088,Premium,2026-07-07,2026-11-02,Cancelled
185,1089,Premium,2026-01-21,,Active
186,1097,Premium,2026-07-19,2026-11-19,Expired
187,1098,Premium,2026-02-25,,Active
188,1100,Premium,2026-05-17,2026-10-15,Cancelled
189,1111,Premium,2026-03-14,,Active
190,1118,Premium,2026-08-07,2027-01-15,Cancelled
191,1119,Premium,2026-03-10,,Active
192,1121,Premium,2026-07-28,,Active
193,1124,Premium,2026-05-29,2026-07-17,Expired
194,1128,Premium,2026-08-15,2026-09-27,Expired
195,1129,Premium,2026-02-22,,Active
196,1130,Premium,2025-11-07,2026-01-17,Cancelled
197,1132,Premium,2026-02-25,2026-04-04,Expired
198,1142,Premium,2025-10-30,2026-02-04,Expired
199,1144,Premium,2026-02-05,,Active
200,1151,Premium,2025-11-03,2026-01-20,Cancelled
201,1152,Premium,2026-06-04,2026-09-21,Expired
202,1163,Premium,2026-06-11,,Active
203,1165,Premium,2026-04-23,,Active
204,1167,Premium,2026-01-22,,Active
205,1168,Premium,2026-05-20,2026-11-11,Cancelled
206,1177,Premium,2025-12-01,2026-02-10,Cancelled
207,1181,Premium,2026-08-17,,Active
208,1200,Premium,2025-11-29,,Active
209,1218,Premium,2026-02-09,,Active
210,1221,Premium,2026-03-12,,Active
211,1231,Premium,2026-05-18,2026-10-28,Cancelled
212,1234,Premium,2026-07-08,2026-10-21,Expired
213,1235,Premium,2026-05-18,2026-08-05,Expired
214,1243,Premium,2026-01-28,2026-04-25,Expired
215,1245,Premium,2025-11-28,,Active
216,1252,Premium,2026-01-21,,Active
217,1253,Premium,2026-05-12,,Active
218,1264,Premium,2026-07-23,2026-09-08,Expired
219,1268,Premium,2025-11-07,2025-12-11,Expired
220,1276,Premium,2026-01-06,2026-04-20,Cancelled
221,1278,Premium,2026-05-18,,Active
222,1282,Premium,2025-09-09,2025-12-12,Cancelled
223,1284,Premium,2026-02-14,,Active
224,1285,Premium,2026-06-03,,Active
225,1286,Premium,2026-04-25,,Active
226,1294,Premium,2026-05-14,2026-08-07,Cancelled
227,1296,Premium,2026-03-28,,Active
228,1300,Premium,2026-05-30,,Active
229,1304,Premium,2026-08-19,,Active
230,1306,Premium,2026-04-02,,Active
231,1312,Premium,2025-12-11,,Active
232,1316,Premium,2025-12-28,,Active
233,1325,Premium,2026-07-05,,Active
234,1336,Premium,2026-02-03,,Active
235,1339,Premium,2026-07-15,,Active
236,1343,Premium,2026-05-31,2026-07-20,Expired
237,1348,Premium,2026-08-16,2026-10-27,Expired
238,1356,Premium,2025-11-29,2026-03-22,Expired
239,1368,Premium,2025-11-22,,Active
240,1374,Premium,2025-11-30,2026-01-31,Cancelled
241,1376,Premium,2026-05-11,2026-10-09,Cancelled
242,1377,Premium,2025-12-19,,Active
243,1390,Premium,2026-06-10,,Active
244,1394,Premium,2026-01-16,2026-06-13,Cancelled
245,1395,Premium,2026-09-06,,Active
246,1398,Premium,2026-04-13,2026-06-07,Cancelled
247,1406,Premium,2025-09-15,,Active
248,1411,Premium,2025-12-18,2026-03-27,Expired
249,1414,Premium,2026-06-16,2026-09-20,Expired
250,1418,Premium,2025-10-14,,Active
251,1419,Premium,2026-10-25,2027-01-05,Expired
252,1422,Premium,2026-05-29,2026-09-15,Expired
253,1427,Premium,2026-07-09,,Active
254,1430,Premium,2025-09-25,,Active
255,1435,Premium,2026-06-30,,Active
256,1436,Premium,2026-06-22,,Active
257,1444,Premium,2026-05-10,,Active
258,1448,Premium,2026-05-31,,Active
259,1450,Premium,2026-01-19,,Active
260,1453,Premium,2025-10-29,,Active
261,1456,Premium,2026-11-19,,Active
262,1457,Premium,2026-05-25,2026-11-08,Cancelled
263,1460,Premium,2026-01-30,2026-04-15,Expired
264,1462,Premium,2026-05-18,2026-08-10,Expired
265,1464,Premium,2026-01-06,,Active
266,1465,Premium,2025-12-24,,Active
267,1471,Premium,2026-11-04,2027-03-06,Cancelled
268,1475,Premium,2026-04-25,,Active
269,1483,Premium,2025-09-01,,Active
270,1486,Premium,2026-04-27,2026-07-16,Cancelled
271,1494,Premium,2025-11-30,2026-01-09,Cancelled
272,1498,Premium,2026-04-13,2026-08-15,Cancelled
273,1500,Premium,2026-08-05,2026-10-27,Expired
274,1509,Premium,2025-12-29,2026-05-26,Cancelled
275,1514,Premium,2026-07-28,,Active
276,1515,Premium,2025-12-31,2026-04-16,Cancelled
277,1519,Premium,2026-02-01,2026-06-29,Cancelled
278,1531,Premium,2025-11-24,,Active
279,1533,Premium,2026-04-26,,Active
280,1543,Premium,2025-12-10,,Active
281,1545,Premium,2026-02-25,,Active
282,1547,Premium,2026-07-19,,Active
283,1550,Premium,2026-06-02,2026-08-17,Expired
284,1562,Premium,2026-03-31,,Active
285,1600,Premium,2025-12-08,2026-03-06,Expired
286,1614,Premium,2026-07-26,,Active
287,1626,Premium,2025-08-31,,Active
288,1627,Premium,2026-02-11,,Active
289,1631,Premium,2026-03-02,2026-05-23,Expired
290,1635,Premium,2026-08-29,,Active
291,1648,Premium,2026-09-15,2027-02-09,Expired
292,1649,Premium,2025-11-14,,Active
293,1655,Premium,2026-03-10,,Active
294,1656,Premium,2026-05-12,2026-07-23,Expired
295,1658,Premium,2025-08-27,,Active
296,1661,Premium,2026-08-14,2026-12-19,Expired
297,1663,Premium,2026-02-05,,Active
298,1665,Premium,2026-02-22,,Active
299,1677,Premium,2026-03-28,2026-07-05,Cancelled
300,1688,Premium,2026-03-10,2026-07-03,Cancelled
301,1692,Premium,2026-06-12,,Active
302,1697,Premium,2025-09-25,,Active
303,1701,Premium,2026-05-22,,Active
304,1703,Premium,2025-12-18,2026-04-04,Expired
305,1709,Premium,2026-01-08,,Active
306,1711,Premium,2026-03-08,,Active
307,1718,Premium,2026-03-25,2026-07-03,Cancelled
308,1721,Premium,2026-04-11,,Active
309,1728,Premium,2026-07-13,2026-09-24,Cancelled
310,1739,Premium,2025-09-11,,Active
311,1744,Premium,2026-05-18,2026-10-01,Cancelled
312,1751,Premium,2026-02-22,2026-07-28,Expired
313,1754,Premium,2025-12-22,2026-02-21,Cancelled
314,1755,Premium,2026-01-06,2026-05-16,Expired
315,1756,Premium,2026-10-17,2026-12-09,Expired
316,1762,Premium,2026-07-19,2026-10-14,Expired
317,1765,Premium,2025-11-16,2026-04-28,Cancelled
318,1767,Premium,2025-12-16,2026-05-05,Cancelled
319,1768,Premium,2026-09-16,2026-12-16,Cancelled
320,1769,Premium,2026-01-10,,Active
321,1776,Premium,2026-06-29,,Active
322,1783,Premium,2026-11-09,,Active
323,1784,Premium,2026-06-18,2026-11-27,Expired
324,1797,Premium,2026-04-23,,Active
325,1800,Premium,2026-06-18,,Active
326,1801,Premium,2026-02-15,,Active
327,1802,Premium,2026-04-15,,Active
328,1810,Premium,2026-07-11,2026-11-07,Cancelled
329,1811,Premium,2026-01-31,,Active
330,1822,Premium,2026-03-10,,Active
331,1824,Premium,2026-10-28,2027-02-09,Expired
332,1827,Premium,2026-06-26,,Active
333,1831,Premium,2026-02-04,,Active
334,1833,Premium,2026-10-04,,Active
335,1835,Premium,2026-08-12,2026-10-04,Expired
336,1839,Premium,2025-12-30,2026-02-22,Expired
337,1840,Premium,2026-10-15,2027-03-01,Expired
338,1847,Premium,2026-04-26,2026-05-29,Expired
339,1855,Premium,2026-06-24,2026-09-16,Cancelled
340,1856,Premium,2026-03-22,,Active
341,1859,Premium,2026-09-09,,Active
342,1871,Premium,2026-05-29,,Active
343,1877,Premium,2026-07-01,2026-12-17,Expired
344,1881,Premium,2026-02-03,,Active
345,1889,Premium,2026-06-21,2026-08-22,Expired
346,1899,Premium,2026-05-25,,Active
347,1903,Premium,2026-08-30,,Active
348,1905,Premium,2026-04-13,,Active
349,1920,Premium,2026-03-27,2026-06-06,Cancelled
350,1923,Premium,2026-04-09,2026-06-26,Expired
351,1924,Premium,2026-04-29,2026-06-25,Cancelled
352,1928,Premium,2026-05-24,,Active
353,1932,Premium,2026-06-14,,Active
354,1937,Premium,2026-08-15,2026-11-15,Expired
355,1938,Premium,2025-11-20,2025-12-25,Expired
356,1945,Premium,2026-04-11,,Active
357,1962,Premium,2025-08-11,2025-12-21,Cancelled
358,1971,Premium,2025-12-02,,Active
359,1972,Premium,2026-10-16,,Active
360,1977,Premium,2026-06-20,2026-11-03,Cancelled
361,1983,Premium,2026-04-06,,Active
362,1988,Premium,2025-12-02,2026-04-25,Cancelled
363,1992,Premium,2026-05-05,,Active
364,1994,Premium,2026-07-12,2026-08-20,Cancelled
365,2001,Premium,2025-11-25,,Active
366,2010,Premium,2026-03-01,,Active
367,2020,Premium,2026-05-26,,Active
368,2025,Premium,2026-07-13,,Active
369,2043,Premium,2025-11-04,2025-12-25,Cancelled
370,2044,Premium,2026-06-23,2026-12-11,Expired
371,2046,Premium,2026-04-11,2026-10-06,Cancelled
372,2065,Premium,2026-03-13,2026-08-14,Expired
373,2070,Premium,2026-08-21,,Active
374,2073,Premium,2026-09-28,,Active
375,2076,Premium,2026-04-05,,Active
376,2077,Premium,2026-01-01,,Active
377,2084,Premium,2025-12-11,,Active
378,2087,Premium,2026-05-04,,Active
379,2091,Premium,2026-05-29,2026-07-25,Expired
380,2092,Premium,2026-08-12,,Active
381,2096,Premium,2026-06-13,,Active
382,2098,Premium,2026-06-23,,Active
383,2115,Premium,2025-12-17,,Active
384,2117,Premium,2026-07-19,2026-11-25,Expired
385,2122,Premium,2026-05-13,,Active
386,2125,Premium,2025-12-25,,Active
387,2129,Premium,2026-07-11,,Active
388,2133,Premium,2025-11-06,2025-12-31,Expired
389,2136,Premium,2026-04-19,2026-06-29,Cancelled
390,2142,Premium,2026-06-08,2026-09-26,Expired
391,2148,Premium,2026-09-01,,Active
392,2159,Premium,2026-04-06,2026-08-26,Expired
393,2161,Premium,2025-10-17,,Active
394,2167,Premium,2026-04-06,,Active
395,2169,Premium,2025-08-29,2025-10-28,Expired
396,2171,Premium,2026-08-20,,Active
397,2172,Premium,2026-04-25,,Active
398,2183,Premium,2025-12-23,,Active
399,2184,Premium,2026-09-13,,Active
400,2185,Premium,2026-03-16,2026-05-07,Expired
401,2195,Premium,2026-01-19,,Active
402,2203,Premium,2025-11-10,2026-01-09,Expired
403,2214,Premium,2026-07-20,,Active
404,2220,Premium,2026-01-31,2026-04-23,Expired
405,2225,Premium,2025-11-20,,Active
406,2236,Premium,2026-02-12,,Active
407,2237,Premium,2026-02-13,2026-05-04,Cancelled
408,2238,Premium,2025-12-25,,Active
409,2241,Premium,2026-09-25,2026-10-31,Expired
410,2254,Premium,2025-12-14,2026-05-17,Expired
411,2256,Premium,2026-05-13,,Active
412,2270,Premium,2025-10-02,,Active
413,2283,Premium,2026-08-27,,Active
414,2288,Premium,2026-04-05,2026-05-20,Cancelled
415,2299,Premium,2026-02-15,2026-07-31,Cancelled
416,2308,Premium,2026-03-09,,Active
417,2316,Premium,2026-09-30,2027-02-20,Expired
418,2317,Premium,2026-02-24,,Active
419,2324,Premium,2025-09-23,2026-01-07,Cancelled
420,2329,Premium,2026-09-07,2027-03-02,Cancelled
421,2333,Premium,2026-04-20,,Active
422,2349,Premium,2025-10-04,2026-01-26,Expired
423,2353,Premium,2026-04-16,,Active
424,2357,Premium,2026-01-02,2026-05-05,Cancelled
425,2363,Premium,2026-06-30,2026-08-07,Expired
426,2374,Premium,2026-04-23,2026-08-21,Expired
427,2377,Premium,2026-04-01,2026-08-29,Cancelled
428,2378,Premium,2025-12-07,,Active
429,2387,Premium,2026-10-01,,Active
430,2390,Premium,2026-03-20,,Active
431,2403,Premium,2025-12-18,2026-04-02,Expired
432,2412,Premium,2026-01-19,2026-04-13,Expired
433,2415,Premium,2025-10-25,,Active
434,2416,Premium,2026-07-09,,Active
435,2429,Premium,2026-08-26,2027-02-13,Cancelled
436,2432,Premium,2026-04-05,2026-06-22,Cancelled
437,2436,Premium,2026-04-27,,Active
438,2437,Premium,2025-11-05,,Active
439,2441,Premium,2025-12-06,,Active
440,2448,Premium,2025-10-21,,Active
441,2453,Premium,2026-07-08,,Active
442,2456,Premium,2026-05-03,,Active
443,2461,Premium,2026-02-02,2026-06-12,Cancelled
444,2469,Premium,2025-12-21,,Active
445,2476,Premium,2025-10-14,2026-03-14,Cancelled
446,2490,Premium,2025-10-31,,Active
447,2491,Premium,2026-10-08,,Active
448,2498,Premium,2026-02-14,2026-06-30,Expired
449,2510,Premium,2025-12-13,,Active
450,2515,Premium,2026-09-11,2027-03-09,Expired
451,2526,Premium,2026-01-02,,Active
452,2537,Premium,2025-11-01,,Active
453,2542,Premium,2026-06-29,,Active
454,2550,Premium,2025-10-25,,Active
455,2551,Premium,2026-07-27,,Active
456,2553,Premium,2026-05-26,2026-08-09,Cancelled
457,2554,Premium,2025-12-22,2026-05-16,Expired
458,2557,Premium,2026-01-23,2026-07-08,Cancelled
459,2563,Premium,2026-06-15,,Active
460,2568,Premium,2026-05-18,2026-08-18,Expired
461,2570,Premium,2026-07-10,,Active
462,2573,Premium,2026-04-12,2026-09-20,Expired
463,2576,Premium,2026-01-03,2026-03-18,Expired
464,2585,Premium,2026-11-23,2027-04-05,Cancelled
465,2593,Premium,2025-11-09,2026-02-18,Cancelled
466,2598,Premium,2025-12-19,,Active
467,2607,Premium,2026-05-14,,Active
468,2616,Premium,2026-05-05,2026-10-27,Expired
469,2626,Premium,2026-06-01,,Active
470,2648,Premium,2026-07-19,,Active
471,2649,Premium,2025-12-10,2026-01-29,Expired
472,2657,Premium,2026-05-05,2026-07-24,Cancelled
473,2659,Premium,2026-06-02,,Active
474,2670,Premium,2026-05-26,,Active
475,2677,Premium,2025-11-21,,Active
476,2681,Premium,2026-08-12,,Active
477,2687,Premium,2026-05-27,2026-10-22,Cancelled
478,2709,Premium,2026-05-14,,Active
479,2711,Premium,2026-01-11,2026-03-22,Expired
480,2714,Premium,2026-03-03,2026-05-12,Cancelled
481,2720,Premium,2026-05-26,,Active
482,2728,Premium,2026-08-29,,Active
483,2747,Premium,2026-06-22,2026-12-01,Cancelled
484,2749,Premium,2025-11-09,2026-02-27,Cancelled
485,2751,Premium,2025-12-08,2026-02-18,Expired
486,2753,Premium,2026-09-21,2027-03-11,Cancelled
487,2758,Premium,2026-08-23,,Active
488,2768,Premium,2026-09-28,,Active
489,2782,Premium,2026-02-13,2026-05-30,Expired
490,2783,Premium,2025-12-24,2026-06-14,Cancelled
491,2787,Premium,2026-04-29,2026-09-10,Expired
492,2804,Premium,2025-10-04,,Active
493,2806,Premium,2026-06-15,,Active
494,2807,Premium,2026-08-06,,Active
495,2809,Premium,2026-08-27,,Active
496,2817,Premium,2026-08-23,,Active
497,2819,Premium,2026-01-17,,Active
498,2824,Premium,2026-09-09,,Active
499,2825,Premium,2025-12-02,,Active
500,2827,Premium,2026-09-08,2027-03-04,Cancelled
501,2828,Premium,2026-10-17,2027-01-25,Cancelled
502,2842,Premium,2026-09-23,,Active
503,2844,Premium,2026-03-02,,Active
504,2852,Premium,2026-06-06,,Active
505,2856,Premium,2025-11-14,2026-01-30,Expired
506,2860,Premium,2025-11-16,2026-03-18,Expired
507,2872,Premium,2026-06-16,,Active
508,2877,Premium,2026-04-15,,Active
509,2883,Premium,2025-11-08,,Active
510,2899,Premium,2026-02-10,,Active
511,2912,Premium,2026-09-21,2027-01-12,Expired
512,2914,Premium,2026-05-04,,Active
513,2925,Premium,2025-08-26,,Active
514,2927,Premium,2025-10-14,,Active
515,2929,Premium,2026-05-19,2026-07-15,Expired
516,2932,Premium,2025-12-15,,Active
517,2936,Premium,2026-07-19,2026-08-22,Expired
518,2962,Premium,2026-05-09,2026-11-01,Cancelled
519,2973,Premium,2026-03-14,,Active
520,2974,Premium,2026-08-22,,Active
521,2977,Premium,2026-01-04,,Active
522,2979,Premium,2025-10-30,,Active
523,2987,Premium,2026-02-21,,Active
524,2989,Premium,2026-01-08,,Active
525,2990,Premium,2025-10-03,,Active
526,2998,Premium,2026-05-07,,Active
527,3001,Premium,2026-09-02,,Active
528,3003,Premium,2026-05-16,2026-08-23,Expired
529,3005,Premium,2025-11-30,2026-03-11,Expired
530,3015,Premium,2026-10-14,,Active
531,3021,Premium,2026-08-18,2026-12-20,Expired
532,3023,Premium,2026-07-05,2026-08-22,Cancelled
533,3034,Premium,2025-10-01,2025-12-08,Expired
534,3046,Premium,2026-01-02,,Active
535,3049,Premium,2026-02-02,,Active
536,3065,Premium,2026-06-07,,Active
537,3075,Premium,2026-03-21,2026-05-13,Cancelled
538,3078,Premium,2026-07-03,,Active
539,3079,Premium,2026-02-23,,Active
540,3082,Premium,2026-06-18,2026-12-10,Expired
541,3086,Premium,2026-06-17,,Active
542,3089,Premium,2026-07-05,,Active
543,3093,Premium,2026-06-10,2026-11-07,Cancelled
544,3109,Premium,2026-01-19,2026-06-12,Expired
545,3119,Premium,2026-10-22,2027-03-09,Cancelled
546,3121,Premium,2026-05-25,2026-09-26,Expired
547,3123,Premium,2025-11-29,,Active
548,3126,Premium,2026-01-16,,Active
549,3128,Premium,2026-03-11,,Active
550,3132,Premium,2025-12-06,,Active
551,3138,Premium,2025-12-09,,Active
552,3140,Premium,2026-08-03,,Active
553,3145,Premium,2026-02-14,,Active
554,3148,Premium,2025-11-03,,Active
555,3152,Premium,2026-04-30,2026-06-03,Expired
556,3154,Premium,2026-01-13,,Active
557,3161,Premium,2026-08-04,,Active
558,3165,Premium,2025-11-01,2026-01-06,Expired
559,3176,Premium,2026-01-31,,Active
560,3185,Premium,2026-01-07,2026-03-25,Expired
561,3200,Premium,2026-07-27,,Active
562,3204,Premium,2026-03-31,2026-07-10,Cancelled
563,3210,Premium,2026-03-30,,Active
564,3211,Premium,2026-04-08,,Active
565,3220,Premium,2026-03-30,2026-09-09,Expired
566,3224,Premium,2026-07-26,,Active
567,3227,Premium,2026-03-21,,Active
568,3243,Premium,2025-10-19,2026-03-14,Expired
569,3254,Premium,2026-01-01,2026-03-20,Cancelled
570,3273,Premium,2025-11-29,2026-01-02,Cancelled
571,3276,Premium,2026-08-22,2026-11-01,Expired
572,3277,Premium,2025-12-28,,Active
573,3279,Premium,2026-03-11,,Active
574,3290,Premium,2026-07-22,,Active
575,3297,Premium,2026-03-28,,Active
576,3305,Premium,2026-07-15,,Active
577,3312,Premium,2025-12-27,2026-05-04,Expired
578,3313,Premium,2026-06-03,2026-11-28,Expired
579,3316,Premium,2026-06-19,,Active
580,3320,Premium,2026-06-05,2026-09-18,Cancelled
581,3321,Premium,2025-12-10,,Active
582,3326,Premium,2026-01-05,2026-04-22,Expired
583,3327,Premium,2025-11-01,,Active
584,3331,Premium,2026-02-27,2026-07-18,Cancelled
585,3337,Premium,2026-07-02,,Active
586,3342,Premium,2025-11-05,2026-02-09,Expired
587,3344,Premium,2026-01-26,2026-06-29,Cancelled
588,3346,Premium,2026-06-04,2026-10-20,Cancelled
589,3356,Premium,2026-08-30,,Active
590,3358,Premium,2025-11-15,,Active
591,3360,Premium,2025-12-15,2026-04-25,Cancelled
592,3363,Premium,2025-12-10,,Active
593,3364,Premium,2026-01-10,,Active
594,3365,Premium,2026-04-30,2026-08-12,Expired
595,3383,Premium,2025-11-22,2026-03-06,Cancelled
596,3385,Premium,2026-04-09,,Active
597,3386,Premium,2025-11-19,2026-03-13,Cancelled
598,3391,Premium,2026-07-06,,Active
599,3399,Premium,2026-01-04,2026-04-16,Cancelled
600,3402,Premium,2025-12-08,,Active
601,3405,Premium,2026-11-01,2026-12-14,Cancelled
602,3412,Premium,2025-12-02,,Active
603,3427,Premium,2026-02-20,,Active
604,3433,Premium,2026-04-20,2026-10-02,Expired
605,3435,Premium,2025-12-28,,Active
606,3439,Premium,2025-12-12,,Active
607,3467,Premium,2026-10-17,,Active
608,3468,Premium,2025-12-28,,Active
609,3470,Premium,2025-11-08,2026-03-01,Expired
610,3476,Premium,2026-05-04,,Active
611,3480,Premium,2026-03-24,2026-08-06,Expired
612,3481,Premium,2026-06-02,2026-10-03,Expired
613,3482,Premium,2026-06-04,2026-10-06,Expired
614,3484,Premium,2026-07-02,,Active
615,3492,Premium,2025-11-09,,Active
616,3502,Premium,2025-10-09,,Active
617,3506,Premium,2025-11-30,,Active
618,3515,Premium,2025-09-10,,Active
619,3525,Premium,2026-05-25,2026-10-15,Cancelled
620,3526,Premium,2026-09-15,,Active
621,3547,Premium,2025-11-20,,Active
622,3551,Premium,2026-06-20,2026-12-04,Expired
623,3556,Premium,2026-06-18,,Active
624,3568,Premium,2026-03-28,,Active
625,3569,Premium,2026-04-07,,Active
626,3579,Premium,2025-09-29,,Active
627,3589,Premium,2026-08-11,,Active
628,3593,Premium,2026-04-06,,Active
629,3603,Premium,2026-06-13,,Active
630,3604,Premium,2026-02-22,,Active
631,3605,Premium,2026-02-24,2026-06-04,Expired
632,3606,Premium,2026-07-14,,Active
633,3607,Premium,2026-08-10,,Active
634,3613,Premium,2025-09-22,2026-03-11,Expired
635,3617,Premium,2026-07-21,,Active
636,3623,Premium,2026-06-10,,Active
637,3624,Premium,2026-02-12,2026-03-21,Cancelled
638,3627,Premium,2026-07-16,2026-09-28,Cancelled
639,3639,Premium,2025-10-21,2025-12-07,Expired
640,3641,Premium,2026-07-01,,Active
641,3653,Premium,2026-11-11,2027-03-04,Cancelled
642,3675,Premium,2026-02-13,,Active
643,3680,Premium,2026-03-13,2026-04-21,Expired
644,3688,Premium,2026-10-09,,Active
645,3693,Premium,2026-02-27,,Active
646,3695,Premium,2026-03-06,2026-05-28,Expired
647,3704,Premium,2025-10-19,,Active
648,3712,Premium,2026-08-17,,Active
649,3721,Premium,2026-02-05,2026-05-17,Expired
650,3722,Premium,2026-09-10,,Active
651,3725,Premium,2026-03-28,2026-09-08,Cancelled
652,3726,Premium,2026-02-27,,Active
653,3734,Premium,2026-01-09,,Active
654,3750,Premium,2026-05-23,,Active
655,3761,Premium,2026-05-20,,Active
656,3770,Premium,2026-06-29,2026-12-03,Expired
657,3778,Premium,2026-07-13,2026-08-18,Cancelled
658,3789,Premium,2026-07-21,2026-09-16,Expired
659,3791,Premium,2026-08-14,2026-12-02,Expired
660,3800,Premium,2026-02-28,2026-06-18,Cancelled
661,3805,Premium,2026-09-22,2026-10-27,Cancelled
662,3829,Premium,2026-05-18,2026-07-03,Expired
663,3831,Premium,2025-11-30,,Active
664,3835,Premium,2026-09-19,,Active
665,3847,Premium,2026-01-29,2026-06-14,Cancelled
666,3856,Premium,2026-03-04,2026-05-17,Cancelled
667,3860,Premium,2026-09-16,,Active
668,3861,Premium,2026-07-02,2026-12-24,Expired
669,3870,Premium,2025-10-26,,Active
670,3871,Premium,2026-04-22,,Active
671,3878,Premium,2026-05-14,2026-07-29,Expired
672,3880,Premium,2025-12-18,,Active
673,3884,Premium,2025-12-17,2026-03-13,Expired
674,3887,Premium,2026-01-01,,Active
675,3894,Premium,2026-04-16,2026-05-24,Cancelled
676,3896,Premium,2025-12-16,2026-04-11,Cancelled
677,3902,Premium,2026-02-07,,Active
678,3913,Premium,2025-08-29,,Active
679,3926,Premium,2026-09-11,,Active
680,3928,Premium,2026-03-16,2026-04-16,Cancelled
681,3933,Premium,2026-05-06,,Active
682,3934,Premium,2026-04-27,,Active
683,3935,Premium,2026-04-22,2026-08-10,Expired
684,3937,Premium,2025-11-24,,Active
685,3954,Premium,2025-10-02,2025-11-12,Cancelled
686,3965,Premium,2026-04-29,,Active
687,3986,Premium,2026-06-08,2026-08-24,Cancelled
688,3993,Premium,2026-03-26,,Active
689,3998,Premium,2025-12-09,2026-03-23,Cancelled
690,3999,Premium,2026-07-23,2026-11-13,Expired
691,4001,Premium,2026-01-03,,Active
692,4003,Premium,2025-10-07,2026-02-02,Expired
693,4008,Premium,2026-06-04,,Active
694,4014,Premium,2026-09-02,,Active
695,4016,Premium,2026-01-08,,Active
696,4020,Premium,2026-05-01,2026-10-25,Expired
697,4021,Premium,2025-11-14,2026-02-26,Cancelled
698,4027,Premium,2026-08-21,2027-02-03,Cancelled
699,4032,Premium,2026-05-09,,Active
700,4038,Premium,2026-03-04,2026-06-03,Expired
701,4039,Premium,2025-11-24,,Active
702,4041,Premium,2026-01-15,,Active
703,4042,Premium,2026-08-19,,Active
704,4057,Premium,2026-07-31,2027-01-05,Cancelled
705,4060,Premium,2026-05-02,2026-06-09,Expired
706,4061,Premium,2026-04-15,2026-09-23,Cancelled
707,4064,Premium,2025-10-30,2026-04-22,Cancelled
708,4067,Premium,2026-04-06,2026-07-15,Cancelled
709,4072,Premium,2025-09-27,2026-03-03,Cancelled
710,4078,Premium,2026-01-06,2026-06-27,Cancelled
711,4080,Premium,2025-08-26,2025-11-29,Expired
712,4089,Premium,2026-07-07,2026-08-29,Cancelled
713,4095,Premium,2025-10-19,,Active
714,4102,Premium,2025-09-19,2025-11-05,Expired
715,4106,Premium,2026-03-24,2026-09-11,Expired
716,4107,Premium,2026-02-26,2026-07-20,Cancelled
717,4111,Premium,2025-09-12,2025-12-31,Cancelled
718,4112,Premium,2025-12-01,2026-02-02,Expired
719,4115,Premium,2026-07-16,2026-12-01,Expired
720,4131,Premium,2026-10-10,,Active
721,4132,Premium,2026-07-25,2026-09-07,Cancelled
722,4140,Premium,2026-03-01,,Active
723,4142,Premium,2026-03-05,,Active
724,4143,Premium,2025-08-15,2025-10-20,Cancelled
725,4150,Premium,2026-01-05,,Active
726,4155,Premium,2026-02-14,2026-04-27,Cancelled
727,4158,Premium,2026-06-13,,Active
728,4169,Premium,2026-01-29,,Active
729,4170,Premium,2026-05-24,,Active
730,4171,Premium,2026-07-20,,Active
731,4173,Premium,2026-01-18,2026-06-24,Expired
732,4176,Premium,2026-01-15,2026-04-11,Cancelled
733,4181,Premium,2026-03-29,,Active
734,4183,Premium,2026-04-08,,Active
735,4189,Premium,2026-08-20,,Active
736,4191,Premium,2026-02-27,,Active
737,4193,Premium,2026-07-13,2026-08-21,Expired
738,4210,Premium,2026-01-28,,Active
739,4215,Premium,2026-06-09,,Active
740,4216,Premium,2025-12-31,2026-04-13,Expired
741,4226,Premium,2025-11-23,,Active
742,4234,Premium,2026-02-06,,Active
743,4238,Premium,2026-06-21,2026-11-13,Expired
744,4239,Premium,2025-12-28,,Active
745,4242,Premium,2026-09-08,,Active
746,4252,Premium,2026-07-27,,Active
747,4253,Premium,2026-03-03,,Active
748,4257,Premium,2026-04-05,,Active
749,4260,Premium,2026-02-07,,Active
750,4262,Premium,2025-12-21,,Active
751,4290,Premium,2025-12-21,,Active
752,4293,Premium,2026-02-12,2026-06-20,Cancelled
753,4298,Premium,2026-02-20,,Active
754,4299,Premium,2025-11-12,,Active
755,4338,Premium,2026-03-26,2026-06-08,Cancelled
756,4343,Premium,2026-03-03,2026-06-05,Expired
757,4355,Premium,2026-04-19,2026-06-21,Cancelled
758,4356,Premium,2025-10-26,2026-04-03,Expired
759,4361,Premium,2026-04-20,,Active
760,4369,Premium,2025-10-16,2026-03-27,Cancelled
761,4370,Premium,2026-07-04,,Active
762,4371,Premium,2026-01-28,,Active
763,4372,Premium,2026-01-10,,Active
764,4378,Premium,2026-07-28,,Active
765,4388,Premium,2026-06-14,,Active
766,4390,Premium,2026-06-09,,Active
767,4392,Premium,2025-11-03,,Active
768,4399,Premium,2026-06-03,,Active
769,4401,Premium,2025-10-04,2026-02-28,Expired
770,4405,Premium,2026-08-29,,Active
771,4407,Premium,2026-04-10,,Active
772,4409,Premium,2026-01-01,2026-05-18,Cancelled
773,4410,Premium,2026-09-02,,Active
774,4421,Premium,2026-05-16,,Active
775,4428,Premium,2026-05-12,,Active
776,4430,Premium,2026-10-17,,Active
777,4431,Premium,2026-03-01,2026-06-17,Cancelled
778,4432,Premium,2026-06-18,,Active
779,4442,Premium,2026-07-15,,Active
780,4444,Premium,2025-12-08,2026-05-05,Expired
781,4445,Premium,2025-09-13,,Active
782,4448,Premium,2025-11-28,,Active
783,4450,Premium,2025-11-24,2026-05-18,Cancelled
784,4452,Premium,2025-10-31,2026-04-28,Cancelled
785,4463,Premium,2026-10-22,2027-03-12,Expired
786,4466,Premium,2026-05-22,,Active
787,4471,Premium,2026-09-20,2027-01-10,Cancelled
788,4473,Premium,2026-06-03,2026-10-30,Cancelled
789,4474,Premium,2026-08-12,,Active
790,4476,Premium,2025-11-14,2026-02-27,Expired
791,4479,Premium,2025-10-31,2026-01-23,Expired
792,4486,Premium,2025-10-19,2025-12-24,Cancelled
793,4494,Premium,2026-01-14,,Active
794,4496,Premium,2026-01-08,,Active
795,4511,Premium,2026-03-23,2026-08-17,Cancelled
796,4512,Premium,2026-02-20,2026-05-17,Cancelled
797,4516,Premium,2025-10-23,2026-01-14,Expired
798,4517,Premium,2026-05-17,2026-09-01,Cancelled
799,4518,Premium,2025-12-03,,Active
800,4522,Premium,2025-12-18,,Active
801,4530,Premium,2026-01-17,2026-07-15,Expired
802,4534,Premium,2026-08-29,,Active
803,4548,Premium,2025-10-30,2025-12-18,Cancelled
804,4551,Premium,2026-08-16,2026-12-25,Expired
805,4554,Premium,2026-07-30,2027-01-14,Cancelled
806,4556,Premium,2025-10-24,,Active
807,4565,Premium,2026-03-01,2026-07-29,Expired
808,4574,Premium,2026-09-21,2027-03-10,Cancelled
809,4581,Premium,2026-05-28,2026-07-13,Cancelled
810,4582,Premium,2026-01-15,2026-06-24,Expired
811,4587,Premium,2026-07-12,,Active
812,4599,Premium,2026-02-03,,Active
813,4603,Premium,2026-07-24,2026-11-07,Cancelled
814,4614,Premium,2026-04-17,2026-09-28,Cancelled
815,4617,Premium,2025-11-19,,Active
816,4628,Premium,2026-03-08,2026-06-25,Expired
817,4629,Premium,2026-01-02,,Active
818,4631,Premium,2026-03-04,,Active
819,4638,Premium,2026-06-28,,Active
820,4642,Premium,2026-07-03,2026-10-28,Cancelled
821,4645,Premium,2026-04-10,,Active
822,4648,Premium,2026-03-25,,Active
823,4657,Premium,2026-02-18,,Active
824,4661,Premium,2025-11-07,,Active
825,4662,Premium,2025-09-28,,Active
826,4671,Premium,2026-06-05,,Active
827,4683,Premium,2026-05-02,,Active
828,4698,Premium,2026-03-02,,Active
829,4723,Premium,2026-07-12,2026-08-12,Expired
830,4734,Premium,2026-10-02,,Active
831,4746,Premium,2026-03-14,,Active
832,4748,Premium,2026-05-09,,Active
833,4755,Premium,2026-02-23,,Active
834,4757,Premium,2026-02-02,2026-07-02,Cancelled
835,4763,Premium,2026-07-28,2026-11-07,Cancelled
836,4764,Premium,2026-06-01,,Active
837,4765,Premium,2026-07-03,,Active
838,4786,Premium,2025-11-11,,Active
839,4787,Premium,2025-12-10,,Active
840,4791,Premium,2026-02-15,,Active
841,4799,Premium,2026-10-20,,Active
842,4813,Premium,2026-08-27,2027-02-14,Cancelled
843,4817,Premium,2025-09-19,,Active
844,4825,Premium,2026-07-05,2026-09-07,Expired
845,4836,Premium,2026-01-08,2026-04-27,Cancelled
846,4838,Premium,2026-07-20,,Active
847,4841,Premium,2026-02-09,2026-05-21,Expired
848,4846,Premium,2026-08-25,2026-10-21,Expired
849,4850,Premium,2026-02-04,,Active
850,4864,Premium,2026-02-19,,Active
851,4865,Premium,2026-04-08,2026-05-25,Cancelled
852,4869,Premium,2026-04-23,,Active
853,4871,Premium,2026-08-12,,Active
854,4884,Premium,2026-02-12,,Active
855,4895,Premium,2026-03-02,,Active
856,4908,Premium,2026-04-23,,Active
857,4909,Premium,2026-01-19,,Active
858,4911,Premium,2026-03-11,,Active
859,4926,Premium,2026-02-26,,Active
860,4930,Premium,2026-01-06,2026-06-16,Cancelled
861,4932,Premium,2025-12-19,,Active
862,4934,Premium,2025-12-15,,Active
863,4937,Premium,2026-04-06,2026-05-17,Cancelled
864,4948,Premium,2026-04-14,2026-07-31,Expired
865,4953,Premium,2026-04-08,,Active
866,4955,Premium,2026-06-10,,Active
867,4957,Premium,2026-07-28,2027-01-01,Cancelled
868,4978,Premium,2026-03-20,,Active
869,4981,Premium,2026-07-21,2026-11-24,Cancelled
870,4983,Premium,2026-03-26,2026-05-28,Expired
871,4989,Premium,2026-04-03,,Active
872,4990,Premium,2026-11-19,2027-02-20,Cancelled
